{"stats":{"minecraft:used":{"minecraft:bread":2,"epicfight:stone_greatsword":9},"minecraft:custom":{"minecraft:jump":60,"minecraft:time_since_rest":542,"minecraft:crouch_one_cm":682,"minecraft:deaths":3,"minecraft:damage_dealt":854,"minecraft:walk_on_water_one_cm":2777,"minecraft:sprint_one_cm":21839,"minecraft:play_time":4133,"minecraft:damage_taken":929,"minecraft:time_since_death":509,"minecraft:walk_one_cm":56343,"minecraft:sneak_time":36,"minecraft:total_world_time":4133,"minecraft:walk_under_water_one_cm":1209,"minecraft:mob_kills":1,"minecraft:fall_one_cm":476,"minecraft:fly_one_cm":6305},"minecraft:killed_by":{"minecraft:husk":1,"minecraft:skeleton":2},"minecraft:picked_up":{"bloodandmadness:blood_stone_shard":1},"minecraft:killed":{"bloodandmadness:beast_patient":1}},"DataVersion":2975}