{"stats":{"minecraft:used":{"mutantmonsters:mutant_zombie_spawn_egg":1,"scattered_weapons:darkkatana":9,"simple_mobs:gael_greatsword":2,"mutantmonsters:hulk_hammer":6,"minecraft:chainmail_boots":1,"minecraft:bread":5,"ob_core:patreon_yy_katana":5,"blue_skies:summoner_spawn_egg":1,"simple_mobs:accursed_sword":4,"wom:satsujin":1,"epicfight:stone_greatsword":30},"minecraft:custom":{"minecraft:time_since_rest":10330,"champions:champion_mobs_killed":5,"minecraft:crouch_one_cm":1385,"minecraft:walk_one_cm":153669,"minecraft:play_time":16133,"minecraft:sprint_one_cm":44687,"minecraft:damage_taken":1460,"minecraft:deaths":4,"minecraft:sneak_time":80,"minecraft:walk_under_water_one_cm":1466,"minecraft:mob_kills":6,"minecraft:jump":165,"minecraft:damage_dealt":5531,"minecraft:time_since_death":10300,"minecraft:walk_on_water_one_cm":3980,"minecraft:total_world_time":16133,"minecraft:damage_dealt_absorbed":487,"minecraft:fall_one_cm":1645,"minecraft:fly_one_cm":34375},"minecraft:killed_by":{"minecraft:husk":2,"minecraft:skeleton":2},"minecraft:picked_up":{"mutantmonsters:hulk_hammer":1,"minecraft:chainmail_boots":1,"minecraft:bone":3,"minecraft:arrow":3,"minecraft:rotten_flesh":1,"minecraft:potato":1,"bloodandmadness:blood_stone_shard":1},"minecraft:killed":{"minecraft:skeleton":2,"mutantmonsters:mutant_zombie":1,"minecraft:husk":1,"minecraft:zombie":1,"bloodandmadness:beast_patient":1}},"DataVersion":2975}